"Address Information","Address Information"
"Sign Up for Newsletter","Sign Up for Newsletter"
"Personal Information","Personal Information"
"Save","Save"
"Confirm New Password","Confirm New Password"
"New Password","New Password"
"Current Password","Current Password"
"Email","Email"
"Change Email and Password","Change Email and Password"
"Change Password","Change Password"
"Change Email","Change Email"
"Account Information","Account Information"
"* Required Fields","* Required Fields"
"Your order number is: ","Your order number is: "